Mail,Username,Password
lucas.moon@example.com,LucasMoon,dreamland123
sophia.stars@example.com,SophiaStars,sleepytime2024
mason.dreams@example.com,MasonDreams,nightowl!
ava.dreamer@example.com,AvaDreamer,sweetdreams!
logan.night@example.com,LoganNight,slumberland2024
mia.restful@example.com,MiaRestful,nighttime2024
noah.moonlight@example.com,NoahMoonlight,dreamcatcher123
isabella.nap@example.com,IsabellaNap,peacefulsleep!
james.snooze@example.com,JamesSnooze,restfulnight!
emma.pillow@example.com,EmmaPillow,comfybed123
oliver.sleepy@example.com,OliverSleepy,sleepyhead!
amelia.yawn@example.com,AmeliaYawn,dreamyday2024
ethan.drowsy@example.com,EthanDrowsy,sleepytime!
harper.slumber@example.com,HarperSlumber,dreamscape2024
jack.dreamy@example.com,JackDreamy,quietnight!
lily.bedtime@example.com,LilyBedtime,nightdreams!
benjamin.snore@example.com,BenjaminSnore,calmnights!
zoe.rest@example.com,ZoeRest,sleepingbeauty!
elijah.peaceful@example.com,ElijahPeaceful,tranquilnight!
chloe.sleep@example.com,ChloeSleep,dreamyworld123
matthew.nap@example.com,MatthewNap,sweetrepose!
ella.dreams@example.com,EllaDreams,dreamsoftime!
sebastian.yawn@example.com,SebastianYawn,dreamstate2024
charlotte.night@example.com,CharlotteNight,bedtimebliss!
henry.slumber@example.com,HenrySlumber,nightwatch2024
grace.dreamer@example.com,GraceDreamer,sleepywhisper!
daniel.nap@example.com,DanielNap,restedmind!
hannah.restful@example.com,HannahRestful,dreamgate2024
